RangSelection;IdLivre;Titre;Auteurs;Editeur;Note;NbNotes;Pages;ISBN;TitreAuteurRepete
1;788176;Mafalda, l'intégrale;Quino;Éditions Glénat;4.76;7749.0;575.0;2723429628;False
2;2014000;Le Monogramme;Odysseus Elytis;Fata Morgana;4.75;1713.0;40.0;2851944371;False
3;2752314;On est fait comme des rats!;Bill Watterson;Pocket B.D.;4.71;11823.0;126.0;2266061240;False
4;1602249;La Citadelle des Ombres, Tome 4 (L'Assassin Royal, #10-13);Robin Hobb;Pygmalion;4.68;104.0;1144.0;2756400963;False
5;380445;Harry Potter: Harry Potter à L'Ecole Des Sorciers / Harry Potter Et La Chambre Des Secrets / Harry Potter Et Le Prisonnaire D'Azkaban / Harry Potter et la Coupe de Feu (Harry Potter, #1-4);J.K. Rowling;Gallimard Jeunesse;4.67;50923.0;1899.0;2070549720;False
6;1024280;Calvin et Hobbes 17: La Flemme du dimanche soir;Bill Watterson;Hors Collection;4.67;20072.0;127.0;2258047781;False
7;4610292;Ellana, l'Envol (Le Pacte des MarchOmbres, #2);Pierre Bottero;Rageot;4.67;2176.0;449.0;2700234014;False
8;4356161;Ballade pour Georg Henig;Viktor Paskov;Rivages;4.66;1758.0;176.0;2869304137;False
9;2473593;Les paroles cachées;Bahá'u'lláh;Altess;4.63;446.0;62.0;290521998X;False
10;2554495;Le Désir D'être Inutile: Souvenirs Et Réflexions (Collection Vécu);Hugo Pratt;Robert Laffont;4.63;104.0;280.0;2221066456;False
11;3671054;Harry Potter et les Reliques de la Mort (Harry Potter, #7);J.K. Rowling;Gallimard Jeunesse;4.62;2795851.0;881.0;2070615375;True
12;1357863;Fullmetal Alchemist, Tome 13 (Fullmetal Alchemist, #13);Hiromu Arakawa;Kurokawa;4.62;8261.0;192.0;2351421574;False
13;1357876;Fullmetal Alchemist, Tome 10 (Fullmetal Alchemist, #10);Hiromu Arakawa;Kurokawa;4.61;9526.0;192.0;2351421477;False
14;330602;Le Cours de physique de Feynman: mécanique 1;Richard P. Feynman;Dunod;4.61;1350.0;342.0;2100045040;False
15;1263543;En Guerre et en Paix, journal 1940-1944;Andrzej Bobkowski;Noir sur blanc;4.61;154.0;613.0;2882500238;False
16;1597015;La Citadelle des Ombres. Tome 3 (L'Assassin Royal, #7-9);Robin Hobb;Pygmalion;4.61;135.0;1035.0;2857049943;False
17;23734;Nausicaä De La Vallée Du Vent, Tome 4;Hayao Miyazaki;Glénat;4.59;2292.0;144.0;2723433927;False
18;2241736;Le Grand Cirque 2000: Mémoires d'un pilote de chasse FFL dans la R.A.F. (Nouvelle Édition Illustrée);Pierre Clostermann;Éditions J'ai Lu;4.59;1782.0;665.0;2290324302;False
19;155741;La ligne verte, 6e épisode: Caffey sur la ligne;Stephen King;J'ai lu;4.57;14917.0;92.0;2290314161;False
20;2261583;Fruits Basket, Vol. 23;Natsuki Takaya;Delcourt;4.57;10983.0;194.0;2756008621;False
