payer_name;encounter_count;total_claim_cost;covered_amount;uncovered_amount;weighted_coverage_pct
Medicare;11371;24647228.89;19215691.37;5431537.52;77.96
NO_INSURANCE;8807;49259290.16;0.00;49259290.16;0.00
Medicaid;1443;8954131.02;8417973.72;536157.30;94.01
Humana;1084;3543921.36;1953.86;3541967.50;0.06
Aetna;936;2589956.10;1780.16;2588175.94;0.07
Blue Cross Blue Shield;925;3002166.01;2074496.34;927669.67;69.10
Dual Eligible;912;1546925.99;1380705.87;166220.12;89.25
UnitedHealthcare;900;2563507.98;3937.32;2559570.66;0.15
Cigna Health;809;2424532.96;968.35;2423564.61;0.04
Anthem;704;2982715.05;0.00;2982715.05;0.00
