year;encounter_count;active_patients;total_claim_cost;first_start;last_start
2011;1336;410;4405936.73;2011-01-02 09:26:36;2011-12-31 20:24:17
2012;2106;559;9058314.10;2012-01-01 06:13:17;2012-12-31 22:41:28
2013;2495;570;10105272.87;2013-01-01 03:23:34;2013-12-31 13:31:10
2014;3885;630;12011662.17;2014-01-01 03:52:24;2014-12-31 22:27:47
2015;2469;553;10124652.89;2015-01-01 00:38:38;2015-12-31 23:55:15
2016;2451;552;8386701.12;2016-01-01 03:38:29;2016-12-31 20:35:37
2017;2360;546;9596894.47;2017-01-01 02:07:02;2017-12-31 23:47:12
2018;2292;535;8746818.37;2018-01-01 00:26:15;2018-12-31 22:31:23
2019;2228;514;8915338.78;2019-01-01 05:17:51;2019-12-31 13:21:51
2020;2519;519;10294077.96;2020-01-01 02:02:47;2020-12-31 22:04:15
2021;3530;649;9177232.00;2021-01-01 02:37:31;2021-12-31 21:00:58
2022;220;103;691474.06;2022-01-01 00:47:16;2022-02-05 20:27:36
